{
    "bm25_&_ranker": {
        "1": {
            "Retriever": {
                "recall_multi_hit": 0.47474747474747475,
                "recall_single_hit": 0.47474747474747475,
                "precision": 0.47474747474747475,
                "map": 0.47474747474747475,
                "mrr": 0.47474747474747475,
                "ndcg": 0.47474747474747475
            },
            "Ranker": {
                "recall_multi_hit": 0.47474747474747475,
                "recall_single_hit": 0.47474747474747475,
                "precision": 0.47474747474747475,
                "map": 0.47474747474747475,
                "mrr": 0.47474747474747475,
                "ndcg": 0.47474747474747475
            }
        },
        "2": {
            "Retriever": {
                "recall_multi_hit": 0.5757575757575758,
                "recall_single_hit": 0.5757575757575758,
                "precision": 0.2878787878787879,
                "map": 0.5252525252525253,
                "mrr": 0.5252525252525253,
                "ndcg": 0.5384777528860059
            },
            "Ranker": {
                "recall_multi_hit": 0.5757575757575758,
                "recall_single_hit": 0.5757575757575758,
                "precision": 0.2878787878787879,
                "map": 0.5252525252525253,
                "mrr": 0.5252525252525253,
                "ndcg": 0.5384777528860059
            }
        }
    },
    "embedding_retriever_&_ranker": {
        "1": {
            "Retriever": {
                "recall_multi_hit": 0.2828282828282828,
                "recall_single_hit": 0.2828282828282828,
                "precision": 0.2828282828282828,
                "map": 0.2828282828282828,
                "mrr": 0.2828282828282828,
                "ndcg": 0.2828282828282828
            },
            "Ranker": {
                "recall_multi_hit": 0.2828282828282828,
                "recall_single_hit": 0.2828282828282828,
                "precision": 0.2828282828282828,
                "map": 0.2828282828282828,
                "mrr": 0.2828282828282828,
                "ndcg": 0.2828282828282828
            }
        },
        "2": {
            "Retriever": {
                "recall_multi_hit": 0.42424242424242425,
                "recall_single_hit": 0.42424242424242425,
                "precision": 0.21717171717171718,
                "map": 0.35353535353535354,
                "mrr": 0.35353535353535354,
                "ndcg": 0.3720506722222264
            },
            "Ranker": {
                "recall_multi_hit": 0.42424242424242425,
                "recall_single_hit": 0.42424242424242425,
                "precision": 0.21717171717171718,
                "map": 0.398989898989899,
                "mrr": 0.398989898989899,
                "ndcg": 0.4056025128066393
            }
        }
    },
    "dpr_&_ranker": {
        "1": {
            "Retriever": {
                "recall_multi_hit": 0.050505050505050504,
                "recall_single_hit": 0.050505050505050504,
                "precision": 0.050505050505050504,
                "map": 0.050505050505050504,
                "mrr": 0.050505050505050504,
                "ndcg": 0.050505050505050504
            },
            "Ranker": {
                "recall_multi_hit": 0.050505050505050504,
                "recall_single_hit": 0.050505050505050504,
                "precision": 0.050505050505050504,
                "map": 0.050505050505050504,
                "mrr": 0.050505050505050504,
                "ndcg": 0.050505050505050504
            }
        },
        "2": {
            "Retriever": {
                "recall_multi_hit": 0.2222222222222222,
                "recall_single_hit": 0.2222222222222222,
                "precision": 0.1111111111111111,
                "map": 0.13636363636363635,
                "mrr": 0.13636363636363635,
                "ndcg": 0.15884652334055333
            },
            "Ranker": {
                "recall_multi_hit": 0.2222222222222222,
                "recall_single_hit": 0.2222222222222222,
                "precision": 0.1111111111111111,
                "map": 0.21212121212121213,
                "mrr": 0.21212121212121213,
                "ndcg": 0.21476625764790824
            }
        }
    }
}